cookie,timestamp
AtY0laUfhglK3lC7,2023-11-20T14:19:00+00:00
SAZuXPGUrfbcn5UA,2023-11-20T10:13:00+00:00
AtY0laUfhglK3lC7,2023-11-20T07:25:00+00:00
5UAVanZf6UtGyKVS,2023-11-20T06:19:00+00:00
AtY0laUfhglK3lC7,2023-11-20T04:23:00+00:00
SAZuXPGUrfbcn5UA,2023-11-19T22:03:00+00:00
4sMM2LxV07bPJzwf,2023-11-19T21:30:00+00:00
AtY0laUfhglK3lC7,2023-11-19T21:14:00+00:00
7bPJzwf4sMM2LxV0,2023-11-19T20:13:00+00:00
4sMM2LxV07bPJzwf,2023-11-19T19:55:00+00:00
AtY0laUfhglK3lC7,2023-11-19T18:24:00+00:00
SAZuXPGUrfbcn5UA,2023-11-19T14:58:00+00:00
4sMM2LxV07bPJzwf,2023-11-19T13:17:00+00:00
SAZuXPGUrfbcn5UA,2023-11-19T12:45:00+00:00
AtY0laUfhglK3lC7,2023-11-19T10:30:00+00:00
fbcn5UAVanZf6UtG,2023-11-18T19:30:00+00:00
4sMM2LxV07bPJzwf,2023-11-18T18:12:00+00:00
fbcn5UAVanZf6UtG,2023-11-18T15:30:00+00:00
4sMM2LxV07bPJzwf,2023-11-18T14:45:00+00:00
fbcn5UAVanZf6UtG,2023-11-18T09:30:00+00:00
7bPJzwf4sMM2LxV0,2023-11-17T23:30:00+00:00
7bPJzwf4sMM2LxV0,2023-11-17T21:13:00+00:00